{"mega2560":{"VoiceRecognition.h":{"AllObj":["!DFScratch/extensions/nick-dfrobot_dfr0177_voicerecognitionshield-thirdex/arduinoC/libraries/DFRobot_DFR0177_VoiceRecognitionShield/mega2560/VoiceRecognition.cpp.o"],"AllIncludes":["/arduino/hardware/arduino/avr/cores/arduino","/arduino/hardware/arduino/avr/variants/mega","!DFScratch/extensions/nick-dfrobot_dfr0177_voicerecognitionshield-thirdex/arduinoC/libraries/DFRobot_DFR0177_VoiceRecognitionShield"]}},"leonardo":{"VoiceRecognition.h":{"AllObj":["!DFScratch/extensions/nick-dfrobot_dfr0177_voicerecognitionshield-thirdex/arduinoC/libraries/DFRobot_DFR0177_VoiceRecognitionShield/leonardo/VoiceRecognition.cpp.o"],"AllIncludes":["/arduino/hardware/arduino/avr/cores/arduino","/arduino/hardware/arduino/avr/variants/leonardo","!DFScratch/extensions/nick-dfrobot_dfr0177_voicerecognitionshield-thirdex/arduinoC/libraries/DFRobot_DFR0177_VoiceRecognitionShield"]}},"uno":{"VoiceRecognition.h":{"AllObj":["!DFScratch/extensions/nick-dfrobot_dfr0177_voicerecognitionshield-thirdex/arduinoC/libraries/DFRobot_DFR0177_VoiceRecognitionShield/uno/VoiceRecognition.cpp.o"],"AllIncludes":["/arduino/hardware/arduino/avr/cores/arduino","/arduino/hardware/arduino/avr/variants/standard","!DFScratch/extensions/nick-dfrobot_dfr0177_voicerecognitionshield-thirdex/arduinoC/libraries/DFRobot_DFR0177_VoiceRecognitionShield"]}}}